# cell	type	barcode
cell_3	monocyte	CTCCTAGAGCCAGAAC
cell_6	monocyte	GATGAGGTCCTGTACC
cell_8	monocyte	CGTCCATTCGTCTGCT
cell_9	monocyte	ATCACGAGTCTCACCT
cell_11	monocyte	TGTGGTATCTACCTGC
cell_12	monocyte	CATTATCAGGACCACA
cell_13	monocyte	ACGGGTCGTGCAACTT
cell_14	tCell	ATCCACCTCTCGATGA
cell_17	monocyte	TTGACTTGTGACCAAG
cell_18	tCell	CTCCTAGTCGCGATCG
cell_19	tCell	ATAACGCAGACTTGAA
cell_20	tCell	GTAGTCATCGGCCGAT
cell_21	tCell	GACTAACCAAGTTGTC
cell_22	tCell	CAGCTGGGTACAGTGG
cell_23	monocyte	CTCGTCAAGACAAAGG
cell_24	monocyte	GCTCTGTTCGCCAAAT
cell_25	monocyte	TTAGGACGTCAACATC
cell_26	tCell	ACCTTTACAGGATTGG
cell_27	monocyte	ACACCAAAGCTCTCGG
cell_28	monocyte	GCTTCCATCGCGTTTC
cell_29	tCell	CTGCTGTTCAGTGCAT
cell_30	tCell	AGACGTTCAAGCCATT
cell_31	tCell	GACAGAGTCGTCGTTC
cell_32	monocyte	GACACGCCAATCGGTT
cell_33	tCell	ACTGTCCGTCCGTGAC
cell_34	monocyte	CACCACTAGCACACAG
cell_35	monocyte	CAGCTGGGTCGCTTTC
cell_36	tCell	TGTCCCACAGCCTATA
cell_37	tCell	CCAGCGACAAAGCAAT
cell_38	tCell	CATCAGACAGATGGCA
cell_39	tCell	GTAGGCCGTTAAGTAG
cell_40	monocyte	TGTGGTAGTCTGATCA
cell_41	tCell	GGCTGGTGTCCGCTGA
cell_42	bCell	GAAATGATCGTCTGCT
cell_43	monocyte	TCACAAGTCCTAAGTG
cell_44	monocyte	GCCAAATTCGGATGGA
cell_45	tCell	CAACTAGAGCGCTTAT
cell_46	tCell	GATCTAGTCGCCAGCA
cell_47	monocyte	CTAAGACAGTCCGTAT
cell_48	tCell	GACGTTAGTTCACGGC
cell_49	monocyte	CGTCACTAGGCGTACA
cell_50	tCell	CCGGTAGGTCGACTAT
cell_51	tCell	GCTGCAGGTTCCGTCT
cell_52	tCell	GAGCAGAGTTCGGGCT
cell_53	monocyte	TTCCCAGAGCTGGAAC
cell_54	tCell	CGTCTACAGACAAGCC
cell_55	tCell	TGAAAGACAGCCAGAA
cell_56	tCell	AGAGTGGTCGCCTGAG
cell_57	tCell	ATGGGAGCACCAGGTC
cell_58	tCell	CTCGAGGAGTGTCTCA
cell_59	tCell	GATGCTATCCGTAGGC
cell_60	tCell	CAGCTAAGTCCTCTTG
cell_61	monocyte	CCTACACGTTCGTTGA
cell_62	tCell	TACACGAGTCCTGCTT
cell_63	tCell	CAGATCAGTAGCGCAA
cell_64	monocyte	TCATTACTCTATCCCG
cell_65	tCell	GCTTGAAAGGACACCA
cell_66	monocyte	CTAACTTAGGCAATTA
cell_67	tCell	TCAGATGTCTGTTTGT
cell_68	tCell	GAGTCCGTCCAGTATG
cell_69	tCell	CCCAATCCACGAAGCA
cell_70	monocyte	CTACATTGTAGGGACT
cell_71	tCell	CACAGGCGTATATGGA
cell_72	tCell	GTCTTCGAGTGGTAAT
cell_73	tCell	GCGCGATAGCCCGAAA
cell_74	tCell	TGTCCCATCAGGCCCA
cell_75	monocyte	GTGTTAGAGGCTAGAC
cell_76	monocyte	GTAACTGCACGAGGTA
cell_77	tCell	CTCTGGTGTGTCGCTG
cell_78	tCell	CACCACTAGTCGATAA
cell_79	bCell	GCTGGGTTCAATCTCT
cell_80	tCell	TTGAACGTCCTTTCGG
cell_81	tCell	ATCTGCCAGACAAAGG
cell_82	tCell	GTTCGGGTCGCCCTTA
cell_83	tCell	CCTCTGAGTCATTAGC
cell_84	tCell	GCTTCCATCTGTCTAT
cell_85	monocyte	GAAACTCCATTCTTAC
cell_86	tCell	CGATGGCGTTCACCTC
cell_87	tCell	CCTCAGTAGCTAACAA
cell_88	tCell	ATTATCCGTCGAACAG
cell_89	tCell	TCGAGGCGTTCTGTTT
cell_91	tCell	CTACGTCAGCCAACAG
cell_92	tCell	GGGATGATCTTGGGTA
cell_93	tCell	CACTCCATCACTGGGC
cell_94	monocyte	CAGCAGCTCTTAGAGC
cell_95	tCell	CTGAAGTAGCTCCTTC
cell_96	tCell	TGCCCATAGCACAGGT
cell_97	tCell	CGTAGCGTCGAGCCCA
cell_98	tCell	GACGTGCCAGTCAGAG
cell_99	tCell	TGCGCAGTCTGTCCGT
cell_100	tCell	GTCACAAAGTGGGTTG
cell_101	tCell	GATGCTATCGCCGTGA
cell_102	monocyte	TACGGGCAGTTGCAGG
cell_103	tCell	GACGTTAAGAAACCTA
cell_104	tCell	GGGCATCAGCCAGTAG
cell_105	tCell	TATTACCGTCTCATCC
cell_106	bCell	GATCAGTTCGTCGTTC
cell_107	tCell	CAACCTCGTTATCGGT
cell_108	tCell	CGGACACGTCAATACC
cell_109	tCell	GTTCTCGGTAGCTTGT
cell_110	tCell	GCATGCGTCACGCGGT
cell_111	tCell	TCTGAGACAGCGTCCA
cell_112	tCell	CTACACCCAAGCCATT
cell_113	monocyte	AGCCTAACAACCGCCA
cell_114	monocyte	GTAACTGGTGCCTGCA
cell_115	tCell	ATCCGAATCTGCGGCA
cell_116	tCell	CCTAAAGTCTGTCAAG
cell_117	monocyte	TACGGTAGTCTGCAAT
cell_118	tCell	ATAGACCGTATAAACG
cell_119	tCell	ACGGCCAGTCATCGGC
cell_120	tCell	CAGCTGGAGCGCCTCA
cell_121	tCell	CTCGTCAGTCGGATCC
cell_122	monocyte	TAAACCGTCTAGAGTC
cell_123	tCell	TCGTACCAGCGGCTTC
cell_124	tCell	CGACTTCCACAGTCGC
cell_125	tCell	ACGGGTCCATTACCTT
cell_126	monocyte	AGGTCATTCATGGTCA
cell_127	tCell	CACATTTGTGACCAAG
cell_128	tCell	TGCCCATAGCGATTCT
cell_129	tCell	CGAGCACGTAAAGTCA
cell_130	tCell	CAGCATAAGCGTAATA
cell_131	tCell	CGTTAGATCATTTGGG
cell_132	tCell	AAATGCCCACCACCAG
cell_133	tCell	TGACGGCCATTATCTC
cell_134	tCell	TGCCCATCAATGGACG
cell_135	tCell	TGGTTCCAGTCTCGGC
cell_136	tCell	TCTGAGACAGGCAGTA
cell_137	tCell	GGTATTGTCTCGCTTG
cell_138	monocyte	TCAACGACATCTATGG
cell_139	tCell	GTCCTCAAGAGCAATT
cell_140	tCell	GCTGCTTCACCCATTC
cell_141	tCell	GATTCAGTCGGCGGTT
cell_142	bCell	GATCGCGCACACAGAG
cell_143	tCell	TGGTTAGTCGTGACAT
cell_144	tCell	CCACCTACATTGGTAC
cell_145	tCell	TTCCCAGAGTCTCCTC
cell_146	monocyte	CGTCTACAGCAGGTCA
cell_147	tCell	GTGCTTCTCAAACCAC
cell_148	tCell	GTCGGGTGTCTCTTAT
cell_149	tCell	CACCTTGCACGGTTTA
cell_150	tCell	GTGCAGCGTCTAGTGT
cell_151	tCell	CCTTCGAGTCCAAGTT
cell_152	tCell	TTGGCAATCACAGTAC
cell_153	tCell	CACCTTGGTTCACGGC
cell_154	tCell	CCCAATCAGGGATACC
cell_155	tCell	TCAATCTCAGACGCTC
cell_156	monocyte	TGAGCATGTACAGACG
cell_157	tCell	CTGTGCTAGGCATGTG
cell_158	tCell	CTACGTCCAGGAATCG
cell_159	tCell	CCGGTAGGTGCTGTAT
cell_160	tCell	GTGTGCGTCATCTGTT
cell_161	tCell	CATGCCTCACGGCCAT
cell_162	tCell	AGAGCGATCAGTCAGT
cell_163	tCell	ACGCCAGGTCAAGCGA
cell_164	tCell	TGCTACCCAGGTGCCT
cell_165	tCell	GAAACTCTCCCTCAGT
cell_166	tCell	CTGGTCTCATGTAGTC
cell_167	tCell	CATCAGACACATGACT
cell_168	tCell	GAAACTCGTGATGTCT
cell_169	monocyte	TCTTCGGCATCAGTCA
cell_170	tCell	TTCTACAAGTCTTGCA
cell_171	tCell	AGGTCCGGTCGTGGCT
cell_172	tCell	GATCTAGAGTAGGTGC
cell_173	tCell	ATCATGGAGAATGTGT
cell_174	tCell	CTTAGGACATCGACGC
cell_175	monocyte	GATGCTATCCTTTACA
cell_176	tCell	GACTACAAGTGGGTTG
cell_177	tCell	AGGCCACCAGACAGGT
cell_178	monocyte	ACACTGAAGATGCGAC
cell_179	tCell	GAAACTCAGTGTGGCA
cell_180	tCell	CTGAAACTCCGTCATC
cell_181	tCell	GTTTCTAGTGCCTGTG
cell_182	monocyte	CTGATCCTCACTCCTG
cell_183	tCell	CTAAGACGTCATACTG
cell_184	tCell	TCTGAGACAGAAGCAC
cell_185	tCell	GCATGTAGTACCTACA
cell_186	tCell	AGCATACCATATACCG
cell_187	tCell	ATGCGATAGCCACCTG
cell_188	tCell	AGCGGTCGTACCATCA
cell_189	tCell	ACATGGTAGCTGAACG
cell_190	tCell	TGACAACCATTAGCCA
cell_191	monocyte	AGGTCATAGATGGGTC
cell_192	monocyte	TTCTACAAGCCAACAG
cell_193	tCell	TGGCGCAAGAGTACCG
cell_194	tCell	AACACGTTCATGCTCC
cell_195	monocyte	CAGCTGGTCTTCATGT
cell_196	tCell	GCTGCGATCGCTTGTC
cell_197	tCell	GATCAGTCACCAGGCT
cell_198	tCell	ACGATACAGGCATGGT
cell_199	tCell	TCGCGTTAGCCACGCT
cell_200	bCell	ATCCACCCACCTTGTC
cell_201	monocyte	CTCCTAGAGCACCGCT
cell_202	tCell	GCTCCTATCTTCAACT
cell_203	tCell	GATCGTAAGGAACTGC
cell_204	monocyte	GCGACCATCAATCTCT
cell_205	tCell	AGTGTCAAGCCAGTTT
cell_206	tCell	ACGCCAGAGATGCGAC
cell_207	tCell	ACCCACTCACGTCAGC
cell_208	tCell	GGTGAAGTCCTCAACC
cell_209	tCell	TCAGCTCCAGAAGCAC
cell_210	monocyte	CCTTCGACAGTGGGAT
cell_211	tCell	CCTTCGAAGACCCACC
cell_212	tCell	AGCGTATTCTAACTGG
cell_213	monocyte	CTCGAGGAGATTACCC
cell_214	tCell	CACATAGTCTGCTGCT
cell_215	monocyte	ATAACGCAGGGTATCG
cell_216	tCell	CAGCTGGGTAGAGGAA
cell_217	tCell	ACAGCCGGTAAACGCG
cell_218	tCell	GTACGTACACGAGAGT
cell_219	tCell	CATCAGACAGTCACTA
cell_220	tCell	ACTGAGTGTTGGAGGT
cell_221	tCell	CCATGTCAGAATGTGT
cell_222	tCell	CTAGTGAAGTTGTCGT
cell_223	tCell	AACTGGTGTACAGTTC
cell_224	tCell	ATCTACTCACAACGTT
cell_225	bCell	TCGCGAGCAGCGATCC
cell_226	tCell	GTTCGGGGTGAGTGAC
cell_227	tCell	CGATGGCTCAGTGCAT
cell_228	tCell	ATTGGACCAATGGAAT
cell_229	monocyte	TGTGGTAAGCCCAGCT
cell_230	tCell	ACGTCAACAGGAACGT
cell_231	tCell	ACTTGTTGTCCTGCTT
cell_232	tCell	GGTGAAGAGACCCACC
cell_233	tCell	GCTGCTTAGCTGCCCA
cell_234	tCell	AGTAGTCTCGAGCCCA
cell_235	tCell	CATATGGCATATGCTG
cell_236	tCell	GCATGCGCAATGGACG
cell_237	tCell	AGTGGGAAGACCTAGG
cell_238	monocyte	CGACCTTTCTGAAAGA
cell_239	tCell	GCCAAATCACCTGGTG
cell_240	tCell	CACATTTGTGATAAAC
cell_241	monocyte	TTGCGTCTCGGTGTTA
cell_242	tCell	GGATTACAGTGGTCCC
cell_243	tCell	AACTCCCCAAATCCGT
cell_244	bCell	TCAGGATAGACCACGA
cell_245	tCell	GACGTTATCGTTTGCC
cell_246	tCell	GCTCCTACATGGTCTA
cell_247	tCell	GTGCATACAGATCCAT
cell_248	tCell	GTCGTAACACAAGTAA
cell_249	tCell	GCTCCTACAGACGCAA
cell_250	tCell	GGCCGATAGACAATAC
cell_251	tCell	CTCGAAAAGACACGAC
cell_252	tCell	CTTTGCGAGATCTGAA
cell_253	tCell	GGATGTTGTCGCTTTC
cell_254	tCell	GACACGCTCATAGCAC
cell_255	monocyte	GTTAAGCTCCAAATGC
cell_256	tCell	GACGTGCCACCAACCG
cell_257	tCell	GTCAAGTTCGGTGTCG
cell_258	tCell	GCATGCGTCTTGCCGT
cell_259	tCell	GCTGCGAGTGTTGGGA
cell_260	tCell	ACAGCTAGTGTGGCTC
cell_261	tCell	TAGACCATCGCGATCG
cell_262	tCell	GTACGTAGTAAACGCG
cell_263	tCell	ACCTTTATCTCGGACG
cell_264	tCell	CAGTAACGTACGCACC
cell_265	tCell	GTAACGTCACACTGCG
cell_266	tCell	GCGACCATCAATAAGG
cell_267	tCell	ACGATACGTCAGGACA
cell_268	tCell	CTCGTCAAGCGATGAC
cell_269	tCell	AGTGTCATCATTGCGA
cell_270	tCell	GTCACAATCGCGCCAA
cell_271	tCell	GCAGTTAGTCGCCATG
cell_272	tCell	CCTCAGTTCTCGTTTA
cell_273	monocyte	GTCCTCAGTACTCAAC
cell_274	tCell	CCTACCAAGCATGGCA
cell_275	tCell	CCGTTCACACGGTAGA
cell_276	tCell	CGATGTAAGCTGATAA
cell_277	monocyte	AGATTGCCAGCTGTAT
cell_278	tCell	GTCTCGTGTTCCCTTG
cell_279	tCell	CAACTAGGTACCGAGA
cell_280	tCell	GCTGGGTAGGGTGTGT
cell_281	tCell	AGCCTAATCACAATGC
cell_282	tCell	TCGAGGCGTACATGTC
cell_283	tCell	GCATGATTCGCCAAAT
cell_284	tCell	GATCGCGTCCGATATG
cell_285	tCell	GTTAAGCCAGTGAGTG
cell_286	tCell	CTGCTGTTCCGCAAGC
cell_287	tCell	ACACCCTGTGCTAGCC
cell_288	tCell	CCTAGCTTCAGTCCCT
cell_289	tCell	TCAGCAAAGATCTGCT
cell_290	tCell	CGAACATTCTTAGAGC
cell_291	tCell	ATCCGAAAGGGTTCCC
cell_292	tCell	ACGGGCTCAGATCCAT
cell_293	tCell	TGCCCATTCCATGAGT
cell_294	tCell	CGTTCTGTCTTCAACT
cell_295	tCell	CCTTTCTGTTCCACAA
cell_296	tCell	TCTGGAAGTCTAGGTT
cell_297	tCell	CGTGAGCGTTGGTGGA
cell_298	tCell	ACGGAGAAGGACCACA
cell_299	tCell	CATCGAAGTGCAACTT
cell_300	monocyte	CAACCAAAGAATGTGT
cell_301	tCell	AGCTTGAGTGTGACGA
cell_302	tCell	CCAATCCGTCATATCG
cell_303	tCell	ACAGCTAGTTATTCTC
cell_304	tCell	CACACCTTCCATGAGT
cell_305	tCell	GTCTTCGAGACTGTAA
cell_306	tCell	GATCAGTGTCTCTCTG
cell_307	tCell	GTTCTCGCACATAACC
cell_308	tCell	CTTGGCTCAAGCGATG
cell_309	tCell	CAAGATCCAATTCCTT
cell_310	tCell	GATCGATGTCGCATCG
cell_311	tCell	CAGCAGCTCGGTCCGA
cell_312	tCell	AGGTCCGTCGCGGATC
cell_313	tCell	AGCGTCGGTTCCGGCA
cell_314	tCell	TACTTGTAGAAAGTGG
cell_315	tCell	AGATCTGGTGAGGCTA
cell_316	tCell	GGAAAGCGTTCGTTGA
cell_317	tCell	CTTGGCTGTGGGTATG
cell_318	tCell	AGGCCACCACCATGTA
cell_319	tCell	ACGTCAATCTTTAGTC
cell_320	tCell	TCATTTGCAGCTGTGC
cell_321	tCell	CTCGTCATCCCAGGTG
cell_322	tCell	CGGACTGAGGCTAGAC
cell_323	tCell	TTCCCAGCAGTAACGG
cell_324	tCell	GCTCCTATCAGCTTAG
cell_325	tCell	CAGCGACCATTCTTAC
cell_326	tCell	TCAACGATCTCGGACG
cell_327	tCell	GAGTCCGAGGACGAAA
cell_328	monocyte	AAACGGGGTATATGAG
cell_329	tCell	CAGCGACGTTACTGAC
cell_330	tCell	AACTCAGCACGTCTCT
cell_331	tCell	GCTTCCAGTGGTCCGT
cell_332	tCell	GTGCAGCGTGGTAACG
cell_333	tCell	CATTATCGTCACAAGG
cell_334	tCell	CTTTGCGGTGACGGTA
cell_335	tCell	CAGCTAACAAGTCATC
cell_336	tCell	TACTTGTTCAGAAATG
cell_337	tCell	AGACGTTCAATTCCTT
cell_338	tCell	ATCATCTAGCTGCCCA
cell_339	tCell	GATGAAAGTCGTCTTC
cell_340	tCell	ATAACGCTCCATTCTA
cell_341	monocyte	GTAGTCATCATGGTCA
cell_342	tCell	GATTCAGCAGCTCGAC
cell_343	tCell	CTGGTCTGTCGATTGT
cell_344	monocyte	GCGAGAACACATCCGG
cell_345	tCell	GATGAGGCAGATGGGT
cell_346	tCell	AACTCAGAGATGGCGT
cell_347	tCell	ACTGAACTCCGAAGAG
cell_348	tCell	TTGGCAAAGACACTAA
cell_349	tCell	TGAAAGACACATTTCT
cell_350	monocyte	GGCTGGTTCCCAACGG
cell_351	monocyte	AGCAGCCCACACATGT
cell_352	tCell	CATCGAACAGGCTGAA
cell_353	tCell	CAGCTAACATCTGGTA
cell_354	tCell	CATGGCGGTCAGAAGC
cell_355	tCell	ATCATGGTCTCGGACG
cell_356	tCell	AGCAGCCGTGCATCTA
cell_357	tCell	TGGCCAGTCCCAAGAT
cell_358	tCell	TGTGGTACATTGCGGC
cell_359	tCell	ACAGCCGTCAGGTTCA
cell_360	tCell	ATTGGACGTGTTGGGA
cell_361	tCell	CCTACACCAAACGTGG
cell_362	tCell	AACTGGTAGAGGGATA
cell_363	tCell	TGAGAGGTCGGTTCGG
cell_364	tCell	GCGCAGTGTGCAACTT
cell_365	tCell	ACGCAGCGTGACGCCT
cell_366	tCell	GCTCCTAAGGGTCGAT
cell_367	tCell	GAAGCAGGTACGAAAT
cell_368	monocyte	GTCTTCGGTGAAAGAG
cell_369	tCell	AGATTGCAGGCAGGTT
cell_370	tCell	GGGACCTCAGTAACGG
cell_371	monocyte	CATGGCGCACCATCCT
cell_372	tCell	GGGTTGCAGCTAGTCT
cell_373	tCell	GTGCATACACAAGACG
cell_374	tCell	GGGATGAGTATTCTCT
cell_375	tCell	GAACATCCATACCATG
cell_376	tCell	GCGCGATGTATTCGTG
cell_377	tCell	AAACCTGAGACTTGAA
cell_378	tCell	TTTGCGCTCGCGTTTC
cell_379	tCell	CACACAAGTGTCTGAT
cell_380	tCell	TGTTCCGGTAGCGATG
cell_381	tCell	TATCTCAGTGCCTGTG
cell_382	tCell	TACGGTAAGGTGACCA
cell_383	tCell	TCAGCTCAGTAGTGCG
cell_384	tCell	TACGGGCCACCCTATC
cell_385	tCell	TGAGCCGGTTCACCTC
cell_386	tCell	GTATCTTAGCAATATG
cell_387	tCell	GCATGATAGCGAGAAA
cell_388	tCell	GTCATTTAGCCGCCTA
cell_389	tCell	CACAGGCTCGAACTGT
cell_390	tCell	TCGGTAACAGTTCCCT
cell_391	tCell	GAAGCAGAGATGTGGC
cell_392	tCell	CAGATCATCGTTGCCT
cell_393	tCell	AGATCTGAGTAGGTGC
cell_394	monocyte	GCATGTACAAAGAATC
cell_395	tCell	TTATGCTGTGAGTGAC
cell_396	tCell	AGCCTAAAGAAGGCCT
cell_397	tCell	GACAGAGAGATCCCAT
cell_398	tCell	CCGTACTTCAGCTCTC
cell_399	tCell	TGCGTGGGTGTCTGAT
cell_400	tCell	CACCAGGCAAGGGTCA
cell_401	tCell	TTATGCTTCGAATCCA
cell_402	tCell	AGCTCCTGTCAAGCGA
cell_403	tCell	CCGTTCATCCTTAATC
cell_404	tCell	CTCGAAAGTTCGGCAC
cell_405	tCell	GCTGGGTGTGTTGGGA
cell_406	tCell	CGGACGTTCTTAGAGC
cell_407	tCell	ATCCGAAAGAAGCCCA
cell_408	tCell	CAAGTTGTCTATCCTA
cell_409	monocyte	CATTATCAGATCTGCT
cell_410	tCell	CTGGTCTGTAATCACC
cell_411	monocyte	GTCGGGTGTCAGAATA
cell_412	tCell	TGGACGCAGTCAAGGC
cell_413	tCell	ACTTACTCAGGACGTA
cell_414	tCell	TGACAACTCCGTAGGC
cell_415	tCell	TGCACCTCATCTCCCA
cell_416	tCell	CACACCTTCTGTCTCG
cell_417	tCell	CTACACCTCGTAGGAG
cell_418	tCell	CAGATCAAGACTGGGT
cell_419	tCell	ACGAGCCCACCCAGTG
cell_420	tCell	ACTGAACAGATCCGAG
cell_421	tCell	TCAGGATGTCACAAGG
cell_422	tCell	ACACCAATCGGTGTCG
cell_423	tCell	CCCATACGTCCGTGAC
cell_424	tCell	GGACAAGGTTGGACCC
cell_425	monocyte	CACACCTGTGCTAGCC
cell_426	tCell	CATATGGAGGTGATTA
cell_427	tCell	ACTTGTTGTCCTCTTG
cell_428	tCell	TCAGGTATCTAACTGG
cell_429	tCell	TATCAGGCAGCCTTGG
cell_430	tCell	GCGACCACATTGAGCT
cell_431	monocyte	TCCCGATCAAGCCCAC
cell_432	tCell	GGCAATTTCGGTGTCG
cell_433	tCell	CGCTGGAAGATCCTGT
cell_434	tCell	TGCTACCGTGCTAGCC
cell_435	tCell	ATGAGGGTCTTCCTTC
cell_436	tCell	CGGACTGGTCCCTACT
cell_437	bCell	CTCTAATCAGCTATTG
cell_438	tCell	CTAGTGATCCTAGTGA
cell_439	tCell	TGCCAAACATCCTAGA
cell_440	tCell	ACAGCCGAGACCGGAT
cell_441	bCell	GATCAGTCAACCGCCA
cell_442	tCell	AAACCTGGTTCTGTTT
cell_443	tCell	CGCTGGACAGTTCCCT
cell_444	tCell	CCTAGCTTCACTCCTG
cell_445	tCell	GGCAATTCACAGGAGT
cell_446	tCell	TTCGAAGAGACTAGGC
cell_447	tCell	ACGGGCTTCGAACTGT
cell_448	tCell	CTCATTATCCACGAAT
cell_449	tCell	CGAGCACCACAGCCCA
cell_450	tCell	GAACGGACACTATCTT
cell_451	tCell	TCTTTCCAGAGCAATT
cell_452	tCell	GATGAAATCGCAAACT
cell_453	tCell	TGGCCAGTCAGGTAAA
cell_454	monocyte	GTGAAGGAGCTCTCGG
cell_455	tCell	CAGAATCCATGTCGAT
cell_456	tCell	GGCCGATGTGTGGCTC
cell_457	tCell	CACTCCAAGATAGGAG
cell_458	tCell	AGTAGTCGTAAGTTCC
cell_459	tCell	ACTGCTCTCGTACGGC
cell_460	tCell	AACTCAGCATATACCG
cell_461	tCell	CGGACACGTAACGTTC
cell_462	monocyte	ACGGGTCGTTGCGTTA
cell_463	tCell	CACACTCAGCAGCGTA
cell_464	tCell	TAGCCGGTCTGCCAGG
cell_465	tCell	CCTCTGAAGGCACATG
cell_466	tCell	CTGTTTAGTGTTCGAT
cell_467	tCell	ACGTCAAAGGCCCTCA
cell_468	tCell	GACGGCTCACACATGT
cell_469	monocyte	CCTACACGTAGGCTGA
cell_470	tCell	GGTGTTAAGCGCCTCA
cell_471	tCell	CGTCAGGTCATGTAGC
cell_472	tCell	TGGCGCAAGTGCGATG
cell_473	tCell	CGCTATCCAATAGAGT
cell_474	tCell	CGAATGTCACCGTTGG
cell_475	tCell	GTTCTCGTCTACTTAC
cell_476	tCell	AGACGTTAGTGGAGTC
cell_477	tCell	GACAGAGGTGAGGCTA
cell_478	tCell	CACATTTGTAATCGTC
cell_479	tCell	CAGCTGGGTTAAAGTG
cell_480	monocyte	GTTTCTAGTCGTCTTC
cell_481	tCell	ATAACGCCATATGCTG
cell_482	monocyte	CTGCCTAAGTAAGTAC
cell_483	tCell	TCATTACAGGCGTACA
cell_484	tCell	ACGGAGAAGCCCAGCT
cell_485	bCell	TCAGGTAGTCCGACGT
cell_486	tCell	AAGTCTGGTCAACATC
cell_487	tCell	TACTTGTCAATCCGAT
cell_488	tCell	TTCTACATCAGGCGAA
cell_489	tCell	AGAATAGGTAGCCTAT
cell_490	tCell	ACTGCTCAGAGGGATA
cell_491	tCell	ACGGGCTCAGCCTTGG
cell_492	tCell	AGTGTCATCGCGTTTC
cell_493	tCell	ACATGGTCAAACGCGA
cell_494	tCell	CTGAAGTTCCTGCTTG
cell_495	monocyte	CGACCTTAGCGAAGGG
cell_496	tCell	CAAGAAATCATCGCTC
cell_497	tCell	AGGCCGTTCGCACTCT
cell_498	tCell	CATCAAGGTCTCTTTA
cell_499	tCell	AGGCCACTCGTTTGCC
cell_500	tCell	TCGAGGCCATCGGTTA
cell_501	tCell	AAGCCGCTCCGCAAGC
cell_502	tCell	TGACTAGAGCACCGTC
cell_503	tCell	GGGAGATGTTAAGACA
cell_504	tCell	GCATGTACACAACGTT
cell_505	tCell	TTCTACATCCTCATTA
cell_506	tCell	GGACAAGTCTGGTATG
cell_507	tCell	CGCGTTTAGGTGACCA
cell_508	tCell	GGCGACTCACGGTGTC
cell_509	tCell	GCGCGATCATCCAACA
cell_510	tCell	GACGTTAGTCATTAGC
cell_511	tCell	GATGCTATCTAACTTC
cell_512	tCell	GGATGTTCATGTAAGA
cell_513	tCell	CCAATCCCACGCCAGT
cell_514	tCell	TCTTTCCGTGAAGGCT
cell_515	tCell	GATCAGTAGAGACGAA
cell_516	monocyte	CCTTCGAGTGACGCCT
cell_517	tCell	CTGCCTAAGAACAATC
cell_518	tCell	CCACTACAGAAGGTGA
cell_519	tCell	TGCTGCTTCCGCGTTT
cell_520	tCell	TGAGCCGGTCTCAACA
cell_521	tCell	TGCCAAAAGTGATCGG
cell_522	tCell	GTGTTAGTCGCATGGC
cell_523	monocyte	AGAATAGAGCGATTCT
cell_524	tCell	GGAATAATCACTGGGC
cell_525	tCell	CAACCAATCTAACGGT
cell_526	tCell	GGTGCGTAGTGCGTGA
cell_527	tCell	TTCCCAGGTGCAGTAG
cell_528	tCell	GCTGCGATCAATACCG
cell_529	tCell	TTCCCAGGTACCGTTA
cell_530	tCell	CTCACACTCATTCACT
cell_531	tCell	ATGCGATCAAGGTGTG
cell_532	tCell	CCCATACAGTGGAGAA
cell_533	tCell	CCAGCGAGTCTAGCGC
cell_534	tCell	CTCACACTCCAGGGCT
cell_535	tCell	CGCTGGAAGAAACCTA
cell_536	tCell	AACACGTAGAATTCCC
cell_537	monocyte	GGAGCAAAGGTGCACA
cell_538	tCell	TCTTCGGAGATCTGCT
cell_539	tCell	CTGTTTACAGGAATCG
cell_540	tCell	AAGACCTCATTCACTT
cell_541	tCell	GTAACGTGTCTCACCT
cell_542	tCell	CATGCCTGTGAGTATA
cell_543	tCell	TCGCGTTTCCAGAAGG
cell_544	tCell	GTACTCCTCGGACAAG
cell_545	tCell	ACATGGTGTGTAACGG
cell_546	tCell	GGATGTTTCCACGACG
cell_547	tCell	GGATGTTGTTCGCGAC
cell_548	tCell	GTATCTTCAGACGTAG
cell_549	tCell	CAGTAACCATTGAGCT
cell_550	tCell	AGCTCTCCAGCCAGAA
cell_551	tCell	GACCTGGGTCGCGGTT
cell_552	tCell	TTTATGCAGCACGCCT
cell_553	tCell	TGGGCGTAGCTAACTC
cell_554	monocyte	CGGCTAGGTACTTAGC
cell_555	tCell	GACGTGCAGGTACTCT
cell_556	tCell	GTCACAAGTCACAAGG
cell_557	tCell	TACGGATTCCTTTACA
cell_558	tCell	CGTAGCGAGAGGTAGA
cell_559	tCell	CAGCATAGTCTCAACA
cell_560	tCell	TGACTAGAGTGGTAAT
cell_561	tCell	ACGATGTGTGTGACGA
cell_562	tCell	AGATTGCAGAGCTTCT
cell_563	tCell	AGATCTGCAGCGTAAG
cell_564	tCell	GTACTCCTCATGGTCA
cell_565	tCell	GCTGCAGTCGCCATAA
cell_566	tCell	AGCAGCCTCATGTCTT
cell_567	tCell	TCGGTAAAGTAACCCT
cell_568	tCell	TGGGAAGGTTGTTTGG
cell_569	tCell	TGGACGCAGTCTCGGC
cell_570	tCell	CCTTTCTCAAGCCCAC
cell_571	tCell	AGTGTCACATCATCCC
cell_572	tCell	CGATGGCTCTAAGCCA
cell_573	tCell	CATGCCTGTCCAGTAT
cell_574	monocyte	GCGCGATTCGGATGGA
cell_575	tCell	TCACGAAGTTTCCACC
cell_576	tCell	CTACCCACAGCTGCAC
cell_577	tCell	TCTTTCCCAGGGCATA
cell_578	tCell	GGGATGAAGGCTCTTA
cell_579	tCell	GGCGACTCAGTCTTCC
cell_580	bCell	AACACGTTCAGTACGT
cell_581	tCell	CTCGTCATCGCAAGCC
cell_582	monocyte	ATGAGGGCAAGGACTG
cell_583	tCell	GACACGCTCGTTTAGG
cell_584	tCell	AACTCCCTCCTGTAGA
cell_585	monocyte	TACCTATTCTGGGCCA
cell_586	monocyte	CCACCTAGTACTTAGC
cell_587	tCell	CAAGATCGTGACCAAG
cell_588	tCell	TTGCGTCGTTGATTGC
cell_589	tCell	GAATAAGAGCTATGCT
cell_590	tCell	TCTTTCCTCCTGCAGG
cell_591	tCell	CGCGGTAGTTGCTCCT
cell_592	tCell	CTACCCAAGTGGCACA
cell_593	monocyte	TCTATTGGTACGAAAT
cell_594	tCell	AGAATAGGTGATGTGG
cell_595	tCell	CATGGCGAGGCTACGA
cell_596	tCell	ACACCAAGTGTAATGA
cell_597	tCell	AACTCAGAGTGGCACA
cell_598	tCell	ACACCAACACGAAGCA
cell_599	tCell	ATCTACTCAAGGACTG
cell_600	bCell	CGAATGTGTTCTGAAC
cell_601	tCell	TGACGGCGTCTAGCGC
cell_602	tCell	CCTATTACATGGGACA
cell_603	tCell	ACGTCAACATTACCTT
cell_604	tCell	AGATCTGCAACAACCT
cell_605	tCell	ACTGTCCTCAAGATCC
cell_606	tCell	AATCCAGGTTCGCGAC
cell_607	tCell	GAGTCCGAGAAAGTGG
cell_608	tCell	ACGAGCCGTACCGCTG
cell_609	tCell	GAGTCCGGTCACCTAA
cell_610	tCell	AGCAGCCGTTACAGAA
cell_611	tCell	CAACTAGCACATAACC
cell_612	tCell	AGCGTCGGTGATGTGG
cell_613	monocyte	TTAGGCAAGATGAGAG
cell_614	bCell	GCAGCCATCGGAAACG
cell_615	tCell	ACTGCTCGTCCATGAT
cell_616	tCell	TCTGAGACAGGATCGA
cell_617	tCell	GTCCTCAAGAGTCTGG
cell_618	bCell	TGACGGCAGTGGTAGC
cell_619	monocyte	GCTCTGTCAGATGAGC
cell_620	tCell	ACTATCTCATCGTCGG
cell_621	tCell	GCAATCACATGTAAGA
cell_622	tCell	AGCAGCCTCTACGAGT
cell_623	tCell	TACTTACTCCTCAACC
cell_624	tCell	TACGGTAAGTCGAGTG
cell_625	bCell	GCTGCAGAGGTGTTAA
cell_626	tCell	GACGTTAAGGACCACA
cell_627	tCell	CAGCAGCTCTAACCGA
cell_628	monocyte	GCTCTGTCAGAGCCAA
cell_629	tCell	CTCGAGGAGATCACGG
cell_630	tCell	TTCGAAGGTCAGCTAT
cell_631	tCell	CACTCCAGTGTTGAGG
cell_632	tCell	GCACTCTCACCGTTGG
cell_633	tCell	AACCATGAGGTGCAAC
cell_634	tCell	GACAGAGGTCCAACTA
cell_635	tCell	CGATGTACAAGTTCTG
cell_636	tCell	GATCGTACAGACGCCT
cell_637	tCell	ACGCCAGAGGCTAGGT
cell_638	tCell	ACGATACAGAATTGTG
cell_639	tCell	GGTGAAGAGACTAGAT
cell_640	tCell	AGAATAGGTCATCGGC
cell_641	tCell	TGGTTAGCAGTCACTA
cell_642	bCell	GCTTGAATCCCAAGAT
cell_643	tCell	GGACAGAGTGTAATGA
cell_644	tCell	GGCAATTCACGAAACG
cell_645	tCell	CTACACCGTCCGTCAG
cell_646	monocyte	AAAGCAATCAGTTTGG
cell_647	tCell	CCTTCGAGTTGGAGGT
cell_648	tCell	GATCTAGGTCGCCATG
cell_649	tCell	GTTTCTATCTGAGTGT
cell_650	tCell	CGTCCATTCTAACCGA
cell_651	tCell	TTGACTTTCGGCGGTT
cell_652	bCell	GTGCTTCGTACAGTGG
cell_653	tCell	ATCACGACACGGCCAT
cell_654	tCell	TCTTCGGAGCTAGTGG
cell_655	tCell	TTGGCAACATAGTAAG
cell_656	tCell	TTTATGCTCTAACCGA
cell_657	tCell	AAACCTGCACATCTTT
cell_658	tCell	CCTTTCTCATGGGAAC
cell_659	tCell	TGTGGTAAGTAGGCCA
cell_660	tCell	TGCGCAGTCAGGCAAG
cell_661	monocyte	TGTTCCGCATGAAGTA
cell_662	tCell	TAAACCGTCCGAATGT
cell_663	monocyte	TTTACTGAGAGGACGG
cell_664	tCell	TAGTTGGAGATCGATA
cell_665	tCell	TGGCTGGGTTGGTGGA
cell_666	tCell	ACGGCCACATCGGGTC
cell_667	tCell	GCATGCGTCCCTCAGT
cell_668	monocyte	CGATGGCAGAATAGGG
cell_669	tCell	TACAGTGTCTGCGACG
cell_670	tCell	TTGAACGTCGCAAGCC
cell_671	tCell	GATGCTAAGTCATGCT
cell_672	tCell	TGGCCAGGTCGCTTTC
cell_673	tCell	GGAACTTTCGGTTCGG
cell_674	tCell	ACGCCGAAGATCCCGC
cell_675	tCell	CGTCACTAGAGAGCTC
cell_676	tCell	ACACTGAAGGCTAGCA
cell_677	tCell	GACGTTAAGCGCTTAT
cell_678	tCell	ATTGGACGTATCAGTC
cell_679	tCell	CCAATCCTCTGCGACG
cell_680	tCell	CTGTGCTCAAACAACA
cell_681	tCell	GATCGATCAACTGCTA
cell_682	tCell	CAGATCATCGCCTGAG
cell_683	tCell	AAGCCGCGTGTTTGTG
cell_684	tCell	TCAGCTCAGGCATGGT
cell_685	tCell	CCATTCGAGGGCACTA
cell_686	tCell	TTCCCAGAGTCAAGGC
cell_687	tCell	TTCTACATCCGTACAA
cell_688	tCell	AACGTTGGTGGTAACG
cell_689	bCell	CATGGCGGTCACCCAG
cell_690	tCell	CGTTCTGGTGCCTGTG
cell_691	monocyte	CAAGATCTCTCGCATC
cell_692	tCell	CTCGGAGTCTGGCGTG
cell_693	tCell	CCATTCGGTGCTCTTC
cell_694	tCell	CATGCCTTCCTAGTGA
cell_695	tCell	GACGCGTCATGTTCCC
cell_696	tCell	CACATAGGTAGCTAAA
cell_697	tCell	TTAGGACGTCCTGCTT
cell_698	tCell	TGAGCCGGTTGAGGTG
cell_699	tCell	GTTCATTCACCCAGTG
cell_700	tCell	TCTTCGGAGAGTACAT
cell_701	monocyte	GGATGTTAGATTACCC
cell_702	bCell	CGGACGTTCGGAGCAA
cell_703	tCell	AGCTCTCGTGCTTCTC
cell_704	tCell	ACCCACTAGTCTCGGC
cell_705	bCell	GCATGTATCGCCATAA
cell_706	tCell	CAACCTCGTGGCGAAT
cell_707	monocyte	ACTTGTTAGTTAGCGG
cell_708	tCell	GACGCGTAGGAGCGTT
cell_709	tCell	CTCGGAGAGTATGACA
cell_710	tCell	ACACCCTTCAAACCAC
cell_711	tCell	AGCGTCGGTACAGTGG
cell_712	tCell	TGACTTTTCAGGTTCA
cell_713	tCell	AAAGTAGGTCAACTGT
cell_714	tCell	CAGTCCTCAATGAATG
cell_715	tCell	TAGCCGGGTGATGCCC
cell_716	tCell	CTCGTCACATCCTAGA
cell_717	tCell	TAAACCGAGTCAAGGC
cell_718	tCell	CTGAAGTCAGTCTTCC
cell_719	tCell	CCTTACGTCTAACCGA
cell_720	tCell	GATCGATGTCGGCACT
cell_721	tCell	GGGTCTGAGCTTCGCG
cell_722	tCell	CACATTTGTAAAGGAG
cell_723	tCell	CACAGTACATGATCCA
cell_724	tCell	TGGGAAGAGTACACCT
cell_725	tCell	GGACAGACATAGTAAG
cell_726	bCell	GCGACCAGTCTCTCGT
cell_727	tCell	AAGGAGCCAAGTACCT
cell_728	tCell	GATCGATTCTCAACTT
cell_729	tCell	ATGCGATCAAGGACTG
cell_730	tCell	AGAGTGGCAGGCTCAC
cell_731	tCell	TTCTCAAGTTACGTCA
cell_732	tCell	CAGCCGATCTTTAGGG
cell_733	tCell	CCTCTGAAGAATGTTG
cell_734	tCell	TGAGCCGAGATATGGT
cell_735	tCell	AGTGAGGAGATGTTAG
cell_736	tCell	AAACCTGCACTACAGT
cell_737	tCell	CTTGGCTCAGCGTCCA
cell_738	tCell	TACAGTGCACAGCGTC
cell_739	tCell	TGAGAGGCAAGTACCT
cell_740	monocyte	TATGCCCGTAGCGTAG
cell_741	tCell	CCACGGAAGTGTACGG
cell_742	tCell	GGATGTTTCGAGAACG
cell_743	tCell	CACCACTAGGCCGAAT
cell_744	tCell	GTATTCTCAAGCGTAG
cell_745	tCell	CCTACCATCTTGCCGT
cell_746	tCell	CATCAAGTCTCTGAGA
cell_747	tCell	CACACTCCATGATCCA
cell_748	tCell	GGTGAAGTCAAACAAG
cell_749	monocyte	TTGGAACGTTGTACAC
cell_750	tCell	CCCAGTTTCTTGCAAG
cell_751	tCell	CTACGTCTCCTTTACA
cell_752	tCell	GACTGCGCACTCGACG
cell_753	tCell	CGGCTAGAGACTAAGT
cell_754	tCell	GGGTCTGAGGCCCTTG
cell_755	bCell	CGAGCACGTGGCTCCA
cell_756	bCell	TGCGGGTCACCCATGG
cell_757	tCell	ACCTTTAGTTGCGCAC
cell_758	tCell	CGTGTCTCATGTTGAC
cell_759	tCell	GCGAGAAAGCAGACTG
cell_760	tCell	CTCTACGCAATACGCT
cell_761	monocyte	AGCGTCGCACAACGCC
cell_762	tCell	AGTGAGGCACACCGCA
cell_763	tCell	CAACCAATCGTGGACC
cell_764	tCell	TCAGGTAAGCGGCTTC
cell_765	bCell	CTCGAGGCACAAGCCC
cell_766	tCell	CTACCCAAGCGCTTAT
cell_767	monocyte	TCTGGAACAGTGAGTG
cell_768	monocyte	ACCCACTAGTGTTAGA
cell_769	tCell	AGTAGTCCAGGATCGA
cell_770	tCell	GGAACTTCATGCAACT
cell_771	tCell	TTCCCAGAGGATATAC
cell_772	tCell	TCAGGATGTATAGGGC
cell_773	tCell	GGACATTTCGCAGGCT
cell_774	tCell	GATCTAGTCAGTTTGG
cell_775	tCell	CCTTCCCGTAGCGCAA
cell_776	tCell	CTAACTTCACTATCTT
cell_777	tCell	CGGAGCTCACCAACCG
cell_778	bCell	GACACGCCATTCTCAT
cell_779	tCell	CGCTTCATCGAGCCCA
cell_780	tCell	CCGGTAGAGTAAGTAC
cell_781	tCell	GCACATACAAGGCTCC
cell_782	monocyte	GTGCGGTAGGCGCTCT
cell_783	tCell	CTGTGCTAGGACACCA
cell_784	tCell	CTTCTCTTCCCACTTG
cell_785	tCell	GGGTCTGGTCTTTCAT
cell_786	monocyte	CGATCGGGTGTGGTTT
cell_787	tCell	CAGATCAAGTATTGGA
cell_788	tCell	TGTATTCAGTGCCAGA
cell_789	tCell	GGGATGAAGTTAGGTA
cell_790	tCell	CCACTACCATGTTCCC
cell_791	tCell	ACACCGGCACATGGGA
cell_792	tCell	TAGACCATCCGTCAAA
cell_793	tCell	GGGTCTGAGCGTAGTG
cell_794	tCell	TGATTTCAGAATGTGT
cell_795	monocyte	AGCATACCAAGAGGCT
cell_796	tCell	ACTGATGAGTGGCACA
cell_797	tCell	TTAGGACTCACCAGGC
cell_798	tCell	TGGGCGTGTCTCCACT
cell_799	monocyte	CCTTACGCAAAGCGGT
cell_800	tCell	GAATGAAGTAGTAGTA
cell_801	tCell	CAGAATCCACATAACC
cell_802	bCell	AGCAGCCAGACGCACA
cell_803	tCell	GTTTCTAAGCTGCGAA
cell_804	tCell	CTCCTAGCAATCAGAA
cell_805	tCell	TGCACCTAGACTAGGC
cell_806	tCell	CCTAAAGAGAGTGAGA
cell_807	tCell	AGCGTATCAAGACACG
cell_808	tCell	ACACCCTTCACGACTA
cell_809	tCell	ACCTTTAGTTGGTAAA
cell_810	tCell	TCATTTGTCTATGTGG
cell_811	tCell	TGGACGCAGGATGCGT
cell_812	tCell	CTGCGGAGTTGCCTCT
cell_813	tCell	TCTCTAAAGCACCGTC
cell_814	bCell	CGACTTCTCTCGTTTA
cell_815	tCell	GTTAAGCTCCAAACTG
cell_816	tCell	TGCTGCTAGTGGAGAA
cell_817	tCell	CTGAAGTGTGCTGTAT
cell_818	monocyte	GGGCATCCATATGAGA
cell_819	tCell	CCGGGATTCGTTGCCT
cell_820	tCell	AATCGGTTCATTCACT
cell_821	tCell	TCTCTAATCCTATTCA
cell_822	tCell	GACACGCTCACGACTA
cell_823	tCell	CCGTTCATCTGTCTCG
cell_824	tCell	TTAGTTCAGAGATGAG
cell_825	tCell	CACAGTAGTATCACCA
cell_826	bCell	AAAGCAAGTACCGCTG
cell_827	tCell	TATCTCACACATTTCT
cell_828	tCell	CTGAAACAGAGGTACC
cell_829	tCell	CCACGGACACAGCCCA
cell_830	monocyte	TGCACCTCAGATCCAT
cell_831	bCell	AGGGATGTCGAGGTAG
cell_832	tCell	TGAGCCGAGCCACTAT
cell_833	tCell	CAGTCCTCATGTCCTC
cell_834	tCell	TCATTTGTCTGTTGAG
cell_835	tCell	GGATTACAGGAGCGTT
cell_836	tCell	CCTCTGAAGCCACCTG
cell_837	tCell	ATTGGACGTCGCTTTC
cell_838	tCell	ATTACTCTCACGATGT
cell_839	tCell	TACTTGTCACAGACTT
cell_840	tCell	TCAGGTATCAATCACG
cell_841	tCell	ATTGGACGTTCGCTAA
cell_842	tCell	CCTACCAGTTAAAGTG
cell_843	tCell	ATAACGCCATATGAGA
cell_844	tCell	CTACATTGTCAGAAGC
cell_845	tCell	CCTAGCTCATTAACCG
cell_846	bCell	CGTCAGGCATTGTGCA
cell_847	monocyte	CATCAGATCGAACTGT
cell_848	tCell	TCGAGGCTCAAGAAGT
cell_849	tCell	TGACGGCAGCAGGTCA
cell_850	tCell	GTATTCTCATACTACG
cell_851	tCell	GAACATCCAAAGTGCG
cell_852	tCell	CTCTGGTGTAGCGCTC
cell_853	tCell	TTAACTCAGCCAACAG
cell_854	tCell	GTACTTTTCCCAAGAT
cell_855	tCell	ACACCCTCAGGGTATG
cell_856	monocyte	CTCTAATAGGTGTGGT
cell_857	tCell	CCACGGAAGTAAGTAC
cell_858	tCell	AGTGTCACAATGGTCT
cell_859	bCell	TCAGGATAGCGTGAAC
cell_860	tCell	AGTGAGGAGTACTTGC
cell_861	tCell	CGTCACTCAGCTCGCA
cell_862	tCell	CTCTGGTTCCCTTGCA
cell_863	tCell	ATCCGAAGTACGAAAT
cell_864	tCell	TGCTGCTAGATATGGT
cell_865	tCell	TCTCTAATCTGCCCTA
cell_866	bCell	AGGCCACGTGGCTCCA
cell_867	tCell	TCTGAGAAGTCTTGCA
cell_868	monocyte	CGTCAGGCACTTCGAA
cell_869	tCell	GTAGTCAGTTAGTGGG
cell_870	tCell	TCACAAGTCGTCACGG
cell_871	tCell	CGCTATCAGCGACGTA
cell_872	tCell	TTCTCCTTCGGTCCGA
cell_873	tCell	ATCATCTAGAGCTTCT
cell_874	tCell	AAAGCAAAGTGTTGAA
cell_875	tCell	ACCAGTAAGTGGAGAA
cell_876	tCell	TAGCCGGCAATAACGA
cell_877	tCell	GTCGTAAAGTGGTAGC
cell_878	bCell	CTGAAGTTCAGCTTAG
cell_879	tCell	AATCGGTAGGGCTTGA
cell_880	tCell	CTGCCTAGTAATAGCA
cell_881	bCell	CTCATTACAAGCCATT
cell_882	tCell	CTTGGCTAGTCCTCCT
cell_883	tCell	CTACCCAAGTGACATA
cell_884	tCell	TGACGGCAGTGCTGCC
cell_885	tCell	AGCATACAGCATGGCA
cell_886	tCell	CATCGGGCATGACATC
cell_887	tCell	GAACCTATCAGTCCCT
cell_888	tCell	AGTAGTCGTTGTTTGG
cell_889	tCell	TACACGAAGTAGCCGA
cell_890	monocyte	GAACATCCATTCCTCG
cell_891	monocyte	TAGAGCTAGAGCCTAG
cell_892	tCell	CTGAAGTCATGCCTAA
cell_893	tCell	TTTGGTTCAGACAAAT
cell_894	tCell	CTGCTGTCAATTCCTT
cell_895	monocyte	GACACGCCAACGCACC
cell_896	tCell	TCTGAGAAGGTAAACT
cell_897	tCell	TGGCGCATCAAACCGT
cell_898	tCell	CGTTCTGGTGACTCAT
cell_899	tCell	CTGCGGATCGGAGCAA
cell_900	tCell	ATTGGACTCTTTAGTC
cell_901	tCell	TATGCCCCAAGTAATG
cell_902	tCell	CCGTTCACAAATCCGT
cell_903	tCell	GCATGCGAGTCCAGGA
cell_904	tCell	GGCCGATCACTTAACG
cell_905	monocyte	TTTGTCATCGACAGCC
cell_906	tCell	CTTCTCTAGAAACGAG
cell_907	tCell	AGCATACTCTCATTCA
cell_908	tCell	GCGCAGTGTATAGTAG
cell_909	bCell	ATCATGGGTGTGTGCC
cell_910	tCell	GTACTTTTCCCTAACC
cell_911	tCell	CGGCTAGGTTTGACTG
cell_912	tCell	AGTGAGGCAACACCCG
cell_913	tCell	ATCATGGCAGACAGGT
cell_914	monocyte	GCATGCGAGTGTTTGC
cell_915	tCell	AAACCTGGTCAATACC
cell_916	bCell	CTCCTAGCATAACCTG
cell_917	tCell	AGGGTGACAAAGCAAT
cell_918	tCell	AAGTCTGTCATAACCG
cell_919	tCell	TCAACGAGTCGGCACT
cell_920	tCell	TACGGTAAGAGGGATA
cell_921	tCell	TTTGGTTGTCTCTCTG
cell_922	tCell	GCATACAGTGCTGTAT
cell_923	tCell	CCGGTAGAGTAGCGGT
cell_924	tCell	TAGACCACACGACTCG
cell_925	tCell	AACTCCCCAATGGAAT
cell_926	tCell	GCTTGAAGTCTGATTG
cell_927	tCell	AAGGTTCGTTAGTGGG
cell_928	tCell	ATAGACCCATCGGAAG
cell_929	bCell	ACTGAGTCAGGGTACA
cell_930	tCell	GAACATCCAATCGAAA
cell_931	tCell	ACAGCCGGTCAACTGT
cell_932	tCell	GAATAAGAGGGAAACA
cell_933	tCell	ACTTACTTCTGTCAAG
cell_934	tCell	AGTGTCACAATGGAAT
cell_935	tCell	AAGGAGCCACGCGAAA
cell_936	tCell	CCAATCCTCGGTCTAA
cell_937	tCell	CTCGAGGTCACGGTTA
cell_938	monocyte	CGACCTTGTACAGTTC
cell_939	tCell	GCCTCTAGTTCGCTAA
cell_940	tCell	ACACCAAGTGAAATCA
cell_941	tCell	TATTACCCAATAGCAA
cell_942	tCell	TGTGTTTCAAGTTCTG
cell_943	monocyte	GATGAGGGTTGCGCAC
cell_944	tCell	ACACCAAGTACTCAAC
cell_945	tCell	TGTGTTTCAGACAAGC
cell_946	bCell	CACACTCGTAGAAAGG
cell_947	tCell	TTAGTTCGTGGCGAAT
cell_948	tCell	TAGCCGGTCAAACCAC
cell_949	tCell	GGGACCTAGAAAGTGG
cell_950	tCell	TAGTTGGAGTGGGCTA
cell_951	bCell	ATCCACCTCCGCTGTT
cell_952	tCell	TGACGGCCATTGAGCT
cell_953	tCell	ACTATCTTCTCGCTTG
cell_954	tCell	AGGCCACTCATGTAGC
cell_955	bCell	TTTGGTTGTTGATTGC
cell_956	tCell	GCTGCAGCAGAGTGTG
cell_957	monocyte	GCAGTTACACCAGATT
cell_958	tCell	ACACCGGGTATTACCG
cell_959	tCell	AGAATAGTCGGATGGA
cell_960	tCell	CTCGGGAGTCTGCAAT
cell_961	tCell	ACAGCTATCCGAATGT
cell_962	tCell	AAGGTTCAGGATATAC
cell_963	monocyte	GAGCAGAAGTCCTCCT
cell_964	monocyte	CCAATCCGTACTTCTT
cell_965	tCell	GGGACCTTCATAACCG
cell_966	bCell	GGGAATGAGCGTTGCC
cell_967	tCell	GAGTCCGAGGGTGTTG
cell_968	monocyte	GCGACCACATTAGCCA
cell_969	bCell	GCACTCTGTGCCTTGG
cell_970	tCell	ACGCAGCCACACCGAC
cell_971	tCell	TGTTCCGTCCAATGGT
cell_972	bCell	GAGCAGATCACTCCTG
cell_973	tCell	TTCTACAAGACTAAGT
cell_974	tCell	GAAATGAAGAGTAAGG
cell_975	tCell	GGCCGATAGAATAGGG
cell_976	tCell	AGTAGTCAGCCCAACC
cell_977	tCell	GGACGTCTCGTCCAGG
cell_978	tCell	AGGTCATTCACAGTAC
cell_979	tCell	TTTACTGTCTGATACG
cell_980	tCell	CTCTGGTTCGTTTATC
cell_981	bCell	GACTGCGAGAATGTGT
cell_982	tCell	CCTAGCTGTCGCGTGT
cell_983	tCell	AGGGTGAGTCAAAGAT
cell_984	tCell	GATCGTAGTCATTAGC
cell_985	monocyte	TTAGGCAGTCTCTTTA
cell_986	bCell	CACACAATCCCGGATG
cell_987	monocyte	CCGGGATAGGGATGGG
cell_988	tCell	ACGTCAAGTTGTACAC
cell_989	tCell	ACTTACTCACATTTCT
cell_990	tCell	CTCGGAGGTCTGGAGA
cell_991	tCell	CACATTTGTCGCGGTT
cell_992	tCell	GCAGTTAAGCAGGCTA
cell_993	monocyte	TAGTGGTTCAGTCAGT
cell_994	tCell	ATTGGACAGAGGTTAT
cell_995	monocyte	ACTGTCCAGCTACCGC
cell_996	tCell	GGACATTAGGATTCGG
cell_997	tCell	GATCTAGCACGCGAAA
cell_998	tCell	AAGGTTCAGCGAGAAA
cell_999	bCell	CCTTTCTTCGTACCGG
cell_1000	tCell	CTAATGGAGTACGTAA
cell_1001	tCell	TATTACCCACGGACAA
cell_1002	tCell	GCAAACTTCACCGGGT
cell_1003	monocyte	TGGGCGTCACAAGCCC
cell_1004	bCell	CTGTTTACACAGCGTC
cell_1005	bCell	CATCAGAAGTCATGCT
cell_1006	bCell	TGCCCATCAATAAGCA
cell_1007	tCell	TACGGGCTCGGCGCAT
cell_1008	bCell	GTATCTTCAGTTAACC
cell_1009	tCell	TACGGGCGTGCCTGCA
cell_1010	tCell	CGGAGCTGTTACCAGT
cell_1011	tCell	GAAGCAGAGAGGTACC
cell_1012	tCell	AAGCCGCTCTGCTGCT
cell_1013	tCell	CCCATACTCATAGCAC
cell_1014	tCell	CCTCTGAAGTGCAAGC
cell_1015	tCell	CTCATTAAGATGTCGG
cell_1016	bCell	ACTTGTTCACGTTGGC
cell_1017	tCell	GATGCTACAAACGCGA
cell_1018	monocyte	CCTTCCCGTTATGCGT
cell_1019	tCell	ACATGGTAGTACCGGA
cell_1020	tCell	AGTGGGATCTTAACCT
cell_1021	monocyte	CGTAGCGGTACAAGTA
cell_1022	tCell	GAGGTGAAGCCAACAG
cell_1023	tCell	TATGCCCCATCGATTG
cell_1024	tCell	TCATTTGTCAAACGGG
cell_1025	tCell	ACTGATGGTAAGGGAA
cell_1026	tCell	TTAGTTCGTACCGCTG
cell_1027	tCell	ACGAGCCGTAAGGGCT
cell_1028	tCell	TTCTACAAGCTAGTTC
cell_1029	tCell	GGACAGAGTTCACCTC
cell_1030	tCell	CTAGCCTTCGCAAGCC
cell_1031	tCell	AGGCCACTCCTAGGGC
cell_1032	tCell	GACCAATGTCAAAGCG
cell_1033	tCell	CTAGAGTAGTACGCGA
cell_1034	tCell	CACACCTAGCGATATA
cell_1035	tCell	GATTCAGAGAAGAAGC
cell_1036	bCell	ATGCGATTCAGGCGAA
cell_1037	tCell	TTCTTAGTCCGTTGTC
cell_1038	monocyte	TCATTTGAGTTCGCGC
cell_1039	tCell	CTCTACGCATCTCCCA
cell_1040	tCell	TTGAACGGTGCTTCTC
cell_1041	tCell	TCAGATGCAAGGGTCA
cell_1042	tCell	CCGGGATGTTGAACTC
cell_1043	tCell	CTACACCCAAAGCGGT
cell_1044	tCell	TCAATCTGTTTGTGTG
cell_1045	tCell	AATCCAGTCCCTTGCA
cell_1046	bCell	TGGTTAGCAATAACGA
cell_1047	monocyte	GTACGTAAGATGTGTA
cell_1048	tCell	CCAATCCAGTACGACG
cell_1049	tCell	CACTCCAAGCCGTCGT
cell_1050	tCell	TCGGTAAGTGAACCTT
cell_1051	tCell	GATCTAGCACACAGAG
cell_1052	tCell	CTGCGGAGTGAGGGAG
cell_1053	tCell	AAAGCAAAGTCAAGCG
cell_1054	tCell	TCAATCTCATGAACCT
cell_1055	tCell	AAACCTGCATATGAGA
cell_1056	bCell	CTCACACTCAAACCAC
cell_1057	tCell	GAAACTCCAGGCAGTA
cell_1058	monocyte	TTCTCAAGTGTCCTCT
cell_1059	tCell	GTATTCTCAGCATGAG
cell_1060	tCell	GCAAACTTCCTCATTA
cell_1061	bCell	TCAGATGGTGACAAAT
cell_1062	monocyte	ATGGGAGCACCAGCAC
cell_1063	tCell	CCAGCGACAATCGAAA
cell_1064	tCell	AGAGCTTAGGCATGGT
cell_1065	tCell	TCAGGATCATTACCTT
cell_1066	tCell	TACTCGCTCAGGCGAA
cell_1067	tCell	TACAGTGAGAATTCCC
cell_1068	bCell	GCTGCAGTCGGTCCGA
cell_1069	monocyte	AAAGATGTCCATGAAC
cell_1070	monocyte	TAGTGGTCAATCAGAA
cell_1071	tCell	ACGGGCTGTCTCTTTA
cell_1072	tCell	AAAGCAAGTGGTGTAG
cell_1073	tCell	CGATGTAAGGCGATAC
cell_1074	tCell	CAGCAGCCATACTACG
cell_1075	tCell	CAACCAATCCACGAAT
cell_1076	tCell	CACTCCAAGTCGATAA
cell_1077	tCell	GACGTTACAGGGTACA
cell_1078	bCell	CCCAGTTGTAGTGAAT
cell_1079	bCell	AGTGTCATCGGTGTCG
cell_1080	tCell	AAAGTAGTCATAACCG
cell_1081	monocyte	CGTGAGCTCAGCATGT
cell_1082	monocyte	ACGATACCACTGTCGG
cell_1083	tCell	AAGCCGCTCGGTGTTA
cell_1084	tCell	TCATTACCATAAAGGT
cell_1085	tCell	CGGTTAACAGCATGAG
cell_1086	bCell	TTGCGTCCATGGTTGT
cell_1087	tCell	TCAGCAACAGCCTGTG
cell_1088	bCell	CCGTGGAAGTAGGCCA
cell_1089	tCell	GTCAAGTAGTCCGTAT
cell_1090	monocyte	ACCCACTCACGAAATA
cell_1091	tCell	AACTTTCTCACGCATA
cell_1092	tCell	GTTACAGGTTCATGGT
cell_1093	tCell	CACACTCCAACAACCT
cell_1094	monocyte	CTAGCCTCAGCTGGCT
cell_1095	tCell	AGTCTTTGTGACAAAT
cell_1096	tCell	TAGGCATCAAATCCGT
cell_1097	bCell	GTCGTAACATGGGAAC
cell_1098	tCell	GATTCAGTCTGTACGA
cell_1099	tCell	GAACATCTCCTCCTAG
cell_1100	tCell	CTTACCGGTGCCTGGT
cell_1101	tCell	CGAATGTAGAGGTACC
cell_1102	tCell	CGAACATAGGTACTCT
cell_1103	tCell	CCGTGGAAGGCATGTG
cell_1104	tCell	GGGAATGCACAGCCCA
cell_1105	monocyte	CCTAGCTGTGTAACGG
cell_1106	tCell	CGAACATTCGTGGACC
cell_1107	monocyte	AGATCTGAGGTACTCT
cell_1108	monocyte	GTCACGGCAAGTAGTA
cell_1109	monocyte	CTTTGCGGTGCAACGA
cell_1110	tCell	CTCACACCAATCCGAT
cell_1111	tCell	GTTCTCGCAGGGAGAG
cell_1112	monocyte	AGCTTGATCGGTCCGA
cell_1113	bCell	GACTGCGAGTTTAGGA
cell_1114	tCell	CAGCAGCTCACAAACC
cell_1115	tCell	TTGGCAAAGCCCGAAA
cell_1116	bCell	CAGATCAGTTGTGGAG
cell_1117	monocyte	TGAGCCGGTCGTTGTA
cell_1118	tCell	TTGCCGTTCCTAAGTG
cell_1119	bCell	GCGAGAATCCCGACTT
cell_1120	monocyte	ACTTTCATCCTCTAGC
cell_1121	tCell	GGGCATCGTGTGACGA
cell_1122	tCell	CTCTACGAGCTAGTTC
cell_1123	monocyte	GATCTAGCATTACCTT
cell_1124	tCell	AGGGAGTAGTTTAGGA
cell_1125	tCell	TGGTTAGGTGGGTCAA
cell_1126	bCell	GACTACAGTCCGTTAA
cell_1127	monocyte	CGAGCCAAGTGGAGAA
cell_1128	tCell	TCACAAGGTCCAACTA
cell_1129	tCell	CTAATGGGTAAGGGAA
cell_1130	tCell	CTCGGAGAGGCCCTTG
cell_1131	monocyte	ACGGAGAGTTCCTCCA
cell_1132	monocyte	TTTGGTTAGTACGACG
cell_1133	tCell	TCTCTAAAGTTTGCGT
cell_1134	tCell	TCGAGGCGTTTAGCTG
cell_1135	tCell	CGCGTTTTCAGCATGT
cell_1136	bCell	GTGCATATCCGAAGAG
cell_1137	tCell	CGAGAAGGTCATGCAT
cell_1138	tCell	TCACGAAGTCGACTAT
cell_1139	tCell	GCTTCCAAGCGTCTAT
cell_1140	tCell	GAATGAAAGGTGTGGT
cell_1141	tCell	TGAGAGGTCCAGTAGT
cell_1142	tCell	ATTTCTGTCCACGTTC
cell_1143	monocyte	TATCTCAAGACGACGT
cell_1144	tCell	GCGCAGTTCCCACTTG
cell_1145	bCell	CGGACACAGCCAGTTT
cell_1146	tCell	CATCAAGCATCCCACT
cell_1147	tCell	CGATGTAGTACAGTTC
cell_1148	tCell	TAGCCGGAGGAGTACC
cell_1149	tCell	CCGTGGAGTTATCGGT
cell_1150	tCell	AGCTTGAGTGACTCAT
cell_1151	tCell	TTTCCTCCAGTAACGG
cell_1152	tCell	TGAGAGGGTTTACTCT
cell_1153	monocyte	CTCGGGAAGTTGTCGT
cell_1154	tCell	GCTGCGATCCACGAAT
cell_1155	tCell	TTGTAGGGTTATTCTC
cell_1156	tCell	AACTCTTGTAAATGTG
cell_1157	tCell	TTTGGTTTCACCTTAT
cell_1158	bCell	GCTCCTAGTTACTGAC
cell_1159	tCell	CTACCCAGTCCCTTGT
cell_1160	tCell	TTCCCAGGTTACTGAC
cell_1161	bCell	TACGGGCCACGAAAGC
cell_1162	tCell	ACGGCCAAGAGTCGGT
cell_1163	monocyte	CACCACTCAAGTTGTC
cell_1164	monocyte	TCGTAGACATAGGATA
cell_1165	monocyte	ATAAGAGCAAGCGAGT
cell_1166	bCell	GCTCTGTGTTTCGCTC
cell_1167	monocyte	TTCGGTCTCTTTAGTC
cell_1168	tCell	TGGGAAGAGTTCCACA
cell_1169	tCell	CAGCTAATCACTTATC
cell_1170	monocyte	TGCGGGTCAAGCGAGT
cell_1171	tCell	CCCTCCTGTCGTTGTA
cell_1172	tCell	AGTAGTCTCTGATTCT
cell_1173	monocyte	TGACGGCCATCGACGC
cell_1174	monocyte	AGTGAGGGTCGCTTTC
cell_1175	tCell	GACTAACTCATAAAGG
cell_1176	tCell	AGATCTGAGACTACAA
cell_1177	tCell	CAGAGAGGTGCTTCTC
cell_1178	tCell	GCTTCCACACATCCAA
cell_1179	tCell	GTAACGTGTTGGAGGT
cell_1180	tCell	CTAGTGAAGCCCTAAT
cell_1181	tCell	ATTACTCAGGCTAGAC
cell_1182	tCell	TACGGTAGTCAAAGAT
cell_1183	tCell	TTTACTGAGTCTCCTC
cell_1184	monocyte	TATTACCCATCGGAAG
cell_1185	tCell	GCTGCAGTCAGCCTAA
cell_1186	monocyte	TTCTACATCGGTTCGG
cell_1187	tCell	GGATTACTCAGGCCCA
cell_1188	tCell	GAATGAATCGCAGGCT
cell_1189	bCell	TCTCTAACATATGGTC
cell_1190	monocyte	CCATTCGCAGATGGCA
cell_1191	monocyte	CGATGGCCATTAACCG
cell_1192	tCell	GGGCATCCACATAACC
cell_1193	tCell	CTGTGCTGTTAGTGGG
cell_1194	monocyte	TTCTACATCATACGGT
cell_1195	monocyte	CTCGAAATCCGCGTTT
cell_1196	bCell	CTCTAATCACCCATGG
cell_1197	tCell	AACTCTTAGTGGAGTC
cell_1198	tCell	GTGTGCGGTATGAATG
cell_1200	tCell	ACTTACTCATTGGCGC
cell_1201	tCell	GCGCAGTTCCAAGCCG
cell_1202	monocyte	GTCGGGTCATTAACCG
cell_1203	tCell	TTGTAGGGTGAGTATA
cell_1204	bCell	CGTCTACAGTAGGTGC
cell_1205	tCell	ACACCCTGTTGAGGTG
cell_1206	tCell	AGGTCATAGATGGCGT
cell_1207	tCell	CAGGTGCCAGCGAACA
cell_1208	tCell	AGAGCGAAGGAATTAC
cell_1209	bCell	GTGCGGTAGAGTACAT
cell_1210	bCell	ATGTGTGGTCATTAGC
cell_1211	tCell	ACTGTCCTCCAGAGGA
cell_1212	tCell	AGCAGCCGTAGGCATG
cell_1213	tCell	TCTCTAACACAGACTT
cell_1214	bCell	ACGGGCTAGCACCGCT
cell_1215	monocyte	CGTAGGCTCACATAGC
cell_1216	monocyte	CATTATCAGAGACTTA
cell_1217	tCell	GGCGACTGTTAAGTAG
cell_1218	tCell	TAAGAGACACCTCGTT
cell_1219	tCell	GTAACGTCAATGGACG
cell_1220	monocyte	TCAGGTATCCCTTGTG
cell_1221	bCell	GGGAGATTCCCGACTT
cell_1222	tCell	TATCAGGGTGAGGCTA
cell_1223	tCell	ACTTGTTTCAGGTTCA
cell_1224	monocyte	ATCATGGTCAGTGTTG
cell_1225	tCell	GAACCTACACATTCGA
cell_1226	monocyte	AGGGTGACATGACATC
cell_1227	monocyte	CAAGAAACAGGCGATA
cell_1228	bCell	TTTATGCAGTAGTGCG
cell_1229	tCell	CTTAGGAGTTCGTCTC
cell_1230	tCell	CGTCACTAGCGTGAAC
cell_1231	tCell	AGTGAGGTCGTCCGTT
cell_1232	tCell	CCCTCCTCAGTATAAG
cell_1233	tCell	TGGCTGGAGGGAAACA
cell_1234	tCell	TAGTGGTTCCAAAGTC
cell_1235	tCell	TAAGTGCCAGCATGAG
cell_1236	monocyte	GAACCTACATTAGGCT
cell_1237	tCell	CCTAAAGTCGGCATCG
cell_1238	tCell	ATGAGGGAGAGGTACC
cell_1239	tCell	AGAATAGGTCTAAAGA
cell_1240	monocyte	GACACGCAGCTGGAAC
cell_1241	tCell	TACTCATTCCTCCTAG
cell_1242	tCell	TCATTTGGTTCTCATT
cell_1243	monocyte	AATCGGTGTCTAACGT
cell_1244	monocyte	GCGCCAATCAACTCTT
cell_1245	tCell	GCTGCGAAGTGTACTC
cell_1246	tCell	TATTACCGTAAAGTCA
cell_1247	tCell	TTTCCTCCAGGACGTA
cell_1248	tCell	CTCGTCAGTCCAGTTA
cell_1249	monocyte	GCATGATAGATGTAAC
cell_1250	tCell	GCGGGTTTCTGTCTAT
cell_1251	monocyte	AAACCTGCACGGACAA
cell_1252	monocyte	TGAGGGATCCGATATG
cell_1253	tCell	CGTGAGCAGTAGGCCA
cell_1254	monocyte	GCGACCATCCGTAGGC
cell_1255	tCell	AGTCTTTGTAAGAGGA
cell_1256	monocyte	AGCCTAAGTTAAAGTG
cell_1257	bCell	TTAACTCTCCATGAAC
cell_1258	tCell	GCATGCGCACGTTGGC
cell_1259	monocyte	GATGCTATCAAGAAGT
cell_1260	tCell	TTAGGACAGTTTAGGA
cell_1261	monocyte	CGGACGTGTAAGTGTA
cell_1262	tCell	CAAGAAAGTTTACTCT
cell_1263	tCell	GACGCGTCAGCGATCC
cell_1264	bCell	AAAGCAAAGTTCCACA
cell_1265	monocyte	GTCACGGGTAGAGCTG
cell_1266	tCell	GCTGCTTTCACGAAGG
cell_1267	tCell	GGCTCGACACTTAAGC
cell_1268	bCell	AAGGTTCGTAGTGAAT
cell_1269	monocyte	AAAGATGGTATGGTTC
cell_1270	tCell	CTCTACGCAGTTAACC
cell_1271	tCell	CTACATTAGGCAAAGA
cell_1272	tCell	GTTTCTAAGGACATTA
cell_1273	tCell	AGATTGCGTCCGTGAC
cell_1275	tCell	TCGGGACGTTGGTAAA
cell_1276	monocyte	CAGTAACCAACACCTA
cell_1277	monocyte	TCCCGATGTGTCGCTG
cell_1278	bCell	TACTTACTCCTCATTA
cell_1279	tCell	GTGTGCGGTGTGCGTC
cell_1280	monocyte	GTAGGCCCAGTAAGCG
cell_1281	bCell	CTCTACGGTCGGCATC
cell_1282	monocyte	TGACTAGAGAGAACAG
cell_1283	tCell	CGGTTAAAGGACAGCT
cell_1284	monocyte	TACCTATGTGCTCTTC
cell_1285	monocyte	CAGCAGCTCGCTTGTC
cell_1286	tCell	TTAGGCATCCGCGGTA
cell_1287	tCell	TATGCCCAGGCATGGT
cell_1288	monocyte	TGAAAGAGTTGCGCAC
cell_1289	monocyte	CATGCCTCACAACTGT
cell_1291	tCell	CGTGTAACAGGTCTCG
cell_1292	monocyte	AGGGAGTCAACAACCT
cell_1293	tCell	TACTTACGTAATCACC
cell_1295	tCell	TTCTCAAGTAAAGGAG
cell_1296	monocyte	CAGAGAGGTAGCTCCG
cell_1297	tCell	CGGAGCTTCTAAGCCA
cell_1298	tCell	GTTAAGCTCAGAGGTG
cell_1299	tCell	CTACATTAGGGAAACA
cell_1300	tCell	CGTTAGATCTGTCTCG
cell_1301	monocyte	TACGGATCAGTATGCT
cell_1302	tCell	CAGAATCGTGTGAATA
cell_1303	bCell	ATAAGAGAGACAGACC
cell_1304	monocyte	GCTGCAGAGCCTCGTG
cell_1305	tCell	GTGAAGGCAATCCGAT
cell_1306	tCell	ATTTCTGTCGTAGATC
cell_1307	monocyte	CTGATAGTCCAAGCCG
cell_1308	monocyte	CGACCTTGTCTGCAAT
cell_1309	tCell	GACTAACAGCCGATTT
cell_1310	monocyte	AACTGGTGTAGTACCT
cell_1311	tCell	GACGTTATCAGCACAT
cell_1312	tCell	ACTTACTAGCCAGTTT
cell_1313	tCell	CCACCTAAGGCCCTCA
cell_1314	monocyte	TTAACTCAGCCCAATT
cell_1315	monocyte	CCTTCCCCAAGCGCTC
cell_1316	tCell	AACACGTCACCCTATC
cell_1317	tCell	AAACCTGCATAAGACA
cell_1318	monocyte	CTGAAGTCAAAGCGGT
cell_1319	monocyte	CTAGAGTTCCTGCTTG
cell_1320	bCell	CATCGAATCCCTAATT
cell_1321	monocyte	TATCAGGAGCGCTTAT
cell_1322	tCell	GATCGTAGTTATTCTC
cell_1324	monocyte	GACGCGTGTGCTCTTC
cell_1325	monocyte	CACACAAAGGCAGGTT
cell_1327	tCell	ACACTGAGTAGCTAAA
cell_1328	monocyte	ACTGAGTAGGGCTTCC
cell_1329	tCell	TGTGGTACACTCTGTC
cell_1330	tCell	TGCACCTTCAGCCTAA
cell_1331	monocyte	CGTGTCTCAAACTGCT
cell_1332	tCell	TCTGGAAGTCTGCAAT
cell_1333	bCell	CCGTGGAGTTCAGACT
cell_1335	tCell	AGGCCACCAAGGACTG
cell_1336	tCell	ACGCAGCTCTACGAGT
cell_1337	monocyte	ATGCGATCACATTTCT
cell_1338	tCell	AAAGCAAGTAACGTTC
cell_1339	tCell	GCTTGAAAGGAGTACC
cell_1340	monocyte	AGCAGCCAGACACTAA
cell_1341	tCell	GTCAAGTCACATGACT
cell_1342	monocyte	AACTTTCCAGTACACT
cell_1343	tCell	TAAGTGCTCACGCATA
cell_1344	tCell	GTAGGCCTCTGATACG
cell_1345	monocyte	ACTTTCACAACTGCGC
cell_1346	tCell	TAAGCGTGTGCTCTTC
cell_1347	tCell	GCGCAGTTCGAGAACG
cell_1348	monocyte	GATCGCGGTCAGAATA
cell_1349	monocyte	TTTGGTTGTCACTTCC
cell_1351	tCell	CTTAACTGTGCGGTAA
cell_1352	monocyte	TTTATGCTCCACGCAG
cell_1353	monocyte	CTTACCGTCATGCAAC
cell_1355	monocyte	GCGCAACGTTAAGGGC
cell_1356	monocyte	TGCTGCTAGATTACCC
cell_1357	monocyte	AGCTCCTAGTTCGCGC
cell_1358	tCell	CGAGCACAGATCCGAG
cell_1359	tCell	GAACCTATCCGCAAGC
cell_1360	monocyte	GGACAAGCACGAAACG
cell_1361	monocyte	CTAAGACCAATGTTGC
cell_1362	tCell	TAAGTGCGTTACGTCA
cell_1363	monocyte	AGGCCGTAGCATCATC
cell_1364	monocyte	TGGCTGGGTAACGTTC
cell_1365	tCell	TACACGATCGGAATCT
cell_1366	tCell	GGAATAAAGCTAAACA
cell_1368	tCell	ATCATCTAGAAACCGC
cell_1369	tCell	ATTACTCTCTCTTATG
cell_1370	monocyte	GTAGGCCGTAGAGGAA
cell_1371	tCell	CAAGGCCAGCCAACAG
cell_1372	tCell	CGGTTAAGTATCTGCA
cell_1373	monocyte	GGCGTGTCATCGTCGG
cell_1374	monocyte	GATCAGTAGTGCTGCC
cell_1375	tCell	CCAGCGAAGCCACGTC
cell_1377	monocyte	TAAGTGCCACCAGATT
cell_1378	tCell	CGGAGCTGTAAACCTC
cell_1379	monocyte	TCGCGAGCATGTTCCC
cell_1380	monocyte	CCTACCATCGTATCAG
cell_1381	tCell	CGTGTAAGTGAAAGAG
cell_1382	monocyte	GCTGCGACAGCGATCC
cell_1383	tCell	CTGCCTAAGCCATCGC
cell_1384	tCell	GTCTCGTTCAGAGGTG
cell_1385	bCell	GATCTAGCAAACAACA
cell_1387	monocyte	AAAGATGGTCGTGGCT
cell_1388	monocyte	CCACCTATCCTCAACC
cell_1389	tCell	CGTAGCGGTGTGACCC
cell_1390	tCell	GGCGTGTAGTGGACGT
cell_1391	monocyte	TACAGTGTCCGTCAAA
cell_1392	monocyte	GAATGAAAGGGCACTA
cell_1393	bCell	GTCTTCGAGGCAATTA
cell_1394	monocyte	CAGATCAGTAAGTGTA
cell_1395	monocyte	TAAGAGAAGAACTCGG
cell_1396	monocyte	GCTGCGAAGGACAGAA
cell_1397	monocyte	TATTACCGTTAAGGGC
cell_1398	tCell	CATCGGGGTTGTTTGG
cell_1399	monocyte	AACTTTCCAGTAGAGC
cell_1400	monocyte	ATCATGGAGGACCACA
cell_1401	tCell	ACACCAAGTGTGCGTC
cell_1402	tCell	CTGATCCTCAGTGTTG
cell_1404	tCell	TAAGCGTAGTGAAGAG
cell_1405	tCell	TAAGCGTGTATATGGA
cell_1406	monocyte	TTGCCGTAGTTAGGTA
cell_1407	tCell	TTTGTCATCAACGGGA
cell_1408	tCell	GAAGCAGCACACCGCA
cell_1409	tCell	CAGCATACAATGGATA
cell_1410	monocyte	TTCGGTCTCATCTGCC
cell_1411	tCell	TTTGCGCTCACCCGAG
cell_1412	tCell	TAAGCGTTCTATCCTA
cell_1413	monocyte	CTAAGACAGGGCATGT
cell_1414	monocyte	TATTACCTCACCCGAG
cell_1417	tCell	GTGTGCGGTTCCAACA
cell_1419	tCell	TGCGTGGAGAAGGTGA
cell_1420	tCell	TTGAACGAGAATGTTG
cell_1421	monocyte	GAGGTGAGTACGCACC
cell_1422	tCell	CTGCGGATCAACACGT
cell_1423	tCell	ATCTGCCTCTAGAGTC
cell_1424	tCell	TGAGAGGCATGCCTAA
cell_1425	monocyte	CAGTAACGTATATCCG
cell_1426	monocyte	TAAGCGTCATGCAACT
cell_1427	tCell	GGTGTTAGTCTACCTC
cell_1429	tCell	TACGGATTCCCTCTTT
cell_1430	tCell	TGTGGTACAGCATACT
cell_1431	monocyte	CAAGATCAGATAGTCA
cell_1432	tCell	TATCAGGAGTAGTGCG
cell_1434	tCell	CGCTATCAGCGAAGGG
cell_1435	tCell	TATGCCCTCGTACCGG
cell_1437	monocyte	GCGGGTTGTCCTGCTT
cell_1438	monocyte	CAGAGAGGTCGCATCG
cell_1439	monocyte	GGCGACTCATCGATGT
cell_1442	tCell	TTTGTCACAGTGGAGT
cell_1444	monocyte	ACTGAACGTAGTAGTA
cell_1445	monocyte	ATTTCTGCAAATCCGT
cell_1446	tCell	TCTTCGGTCCATGAGT
cell_1447	tCell	GCATACAGTCATATGC
cell_1449	tCell	GGAAAGCGTTCCCTTG
cell_1450	monocyte	TTCCCAGTCGCCAGCA
cell_1453	bCell	CAACCAAAGACTAGGC
cell_1455	monocyte	CGCTTCAGTCCGTCAG
cell_1458	monocyte	GGTATTGTCTTGCCGT
cell_1459	monocyte	ATCACGATCACGGTTA
cell_1461	tCell	AACTGGTCATCAGTCA
cell_1462	monocyte	GGACGTCAGATGTTAG
cell_1463	monocyte	GGAAAGCTCTCAAGTG
cell_1466	monocyte	GGGATGACACTTAAGC
cell_1468	monocyte	CCTCAGTTCCGTCAAA
cell_1469	monocyte	AAAGTAGGTCCCTTGT
cell_1470	monocyte	TAGTTGGCATGAACCT
cell_1471	monocyte	TTCGAAGAGTTAACGA
cell_1472	monocyte	AAATGCCGTCACACGC
cell_1475	monocyte	CAGAGAGTCGTGGTCG
cell_1477	monocyte	GAACCTAGTAGTAGTA
cell_1478	tCell	AGCGTCGGTTAAAGTG
cell_1479	tCell	AGAGCGATCGTCCGTT
cell_1480	monocyte	AGGTCATTCTGTCTAT
cell_1486	monocyte	TATTACCGTTCACCTC
cell_1487	tCell	CTTAGGACAGACAAGC
cell_1489	monocyte	GAAACTCGTCGTCTTC
cell_1490	monocyte	GAACGGATCAATCTCT
cell_1491	monocyte	TATGCCCCAATGGACG
cell_1494	monocyte	TGTGTTTTCCCTGACT
cell_1495	tCell	CCAATCCAGGCTCATT
cell_1497	monocyte	TGACTTTCAGCAGTTT
cell_1498	monocyte	ATAGACCCAATAGCGG
